{
  "q25": {
    "session_median_price": 1423.8641701340675,
    "sire_sold_count_36m": 767.2619028389454,
    "sire_total_offered_36m": 791.0925636291504,
    "sire_clearance_rate_36m": 950.5828001499176,
    "sire_median_price_36m": 1005.5637782216072,
    "sire_sold_count_12m": 700.2977609932423,
    "sire_total_offered_12m": 680.6159429550171,
    "sire_clearance_rate_12m": 879.6885777115822,
    "sire_median_price_12m": 2713.7339394390583,
    "sire_momentum": 800.6119741499424,
    "dam_progeny_sold_count": 142.08462738990784,
    "dam_progeny_total_offered_count": 213.71172419190407,
    "dam_progeny_median_price": 854.1076660454273,
    "vendor_sold_count_36m": 905.3084818422794,
    "vendor_total_offered_36m": 741.6461890935898,
    "vendor_clearance_rate_36m": 851.0126795768738,
    "vendor_median_price_36m": 1074.3777412176132,
    "log_session_median_price": 315.27252331376076,
    "log_sire_median_price_36m": 315.26545491814613,
    "log_sire_median_price_12m": 544.4043177962303,
    "log_dam_progeny_median_price": 195.2499727010727,
    "log_vendor_median_price_36m": 219.8485686480999,
    "sex_encoded": 349.30478635430336,
    "vendor_volume_bucket_encoded": 22.57820701599121,
    "sale_company_encoded": 384.1635817885399,
    "sire_sample_flag_36m": 3.8361068665981293,
    "dam_first_foal_flag": 0.0,
    "vendor_first_seen_flag": 0.0
  },
  "q50": {
    "session_median_price": 2345.1546011567116,
    "sire_sold_count_36m": 1036.4463995099068,
    "sire_total_offered_36m": 840.233934700489,
    "sire_clearance_rate_36m": 1220.1297390460968,
    "sire_median_price_36m": 1085.7879815101624,
    "sire_sold_count_12m": 774.083912551403,
    "sire_total_offered_12m": 876.9086287617683,
    "sire_clearance_rate_12m": 1083.06785094738,
    "sire_median_price_12m": 3361.0734384655952,
    "sire_momentum": 1022.2382251620293,
    "dam_progeny_sold_count": 137.48156994581223,
    "dam_progeny_total_offered_count": 186.82409995794296,
    "dam_progeny_median_price": 1089.412660419941,
    "vendor_sold_count_36m": 1063.2583580613136,
    "vendor_total_offered_36m": 802.0088677406311,
    "vendor_clearance_rate_36m": 1180.0946395993233,
    "vendor_median_price_36m": 1369.8197557330132,
    "log_session_median_price": 558.3244440555573,
    "log_sire_median_price_36m": 367.4363422393799,
    "log_sire_median_price_12m": 780.143939614296,
    "log_dam_progeny_median_price": 212.46155154705048,
    "log_vendor_median_price_36m": 279.03621900081635,
    "sex_encoded": 505.6636407971382,
    "vendor_volume_bucket_encoded": 21.47642308473587,
    "sale_company_encoded": 611.0244863629341,
    "sire_sample_flag_36m": 1.4984500408172607,
    "dam_first_foal_flag": 0.0,
    "vendor_first_seen_flag": 0.0
  },
  "q75": {
    "session_median_price": 2705.7922516465187,
    "sire_sold_count_36m": 476.16482079029083,
    "sire_total_offered_36m": 558.975845515728,
    "sire_clearance_rate_36m": 693.7073518633842,
    "sire_median_price_36m": 771.2691240608692,
    "sire_sold_count_12m": 506.03488916158676,
    "sire_total_offered_12m": 585.9534551501274,
    "sire_clearance_rate_12m": 668.088870048523,
    "sire_median_price_12m": 2602.9562237858772,
    "sire_momentum": 731.5752628147602,
    "dam_progeny_sold_count": 89.00129970908165,
    "dam_progeny_total_offered_count": 124.45215505361557,
    "dam_progeny_median_price": 732.2185547053814,
    "vendor_sold_count_36m": 681.0174823701382,
    "vendor_total_offered_36m": 442.6498313844204,
    "vendor_clearance_rate_36m": 612.5742826461792,
    "vendor_median_price_36m": 851.6434069275856,
    "log_session_median_price": 719.168304413557,
    "log_sire_median_price_36m": 295.6484598517418,
    "log_sire_median_price_12m": 578.5647144317627,
    "log_dam_progeny_median_price": 142.89294868707657,
    "log_vendor_median_price_36m": 189.28122758865356,
    "sex_encoded": 272.572063267231,
    "vendor_volume_bucket_encoded": 30.95164316892624,
    "sale_company_encoded": 749.5918595790863,
    "sire_sample_flag_36m": 0.8337180018424988,
    "dam_first_foal_flag": 0.0,
    "vendor_first_seen_flag": 0.0
  },
  "average": {
    "session_median_price": 2158.2703409790993,
    "sire_sold_count_36m": 759.9577077130476,
    "sire_total_offered_36m": 730.1007812817892,
    "sire_clearance_rate_36m": 954.8066303531328,
    "sire_median_price_36m": 954.206961264213,
    "sire_sold_count_12m": 660.1388542354107,
    "sire_total_offered_12m": 714.4926756223043,
    "sire_clearance_rate_12m": 876.948432902495,
    "sire_median_price_12m": 2892.587867230177,
    "sire_momentum": 851.475154042244,
    "dam_progeny_sold_count": 122.85583234826724,
    "dam_progeny_total_offered_count": 174.99599306782088,
    "dam_progeny_median_price": 891.9129603902499,
    "vendor_sold_count_36m": 883.1947740912437,
    "vendor_total_offered_36m": 662.1016294062138,
    "vendor_clearance_rate_36m": 881.2272006074587,
    "vendor_median_price_36m": 1098.6136346260707,
    "log_session_median_price": 530.9217572609583,
    "log_sire_median_price_36m": 326.1167523364226,
    "log_sire_median_price_12m": 634.3709906140963,
    "log_dam_progeny_median_price": 183.53482431173325,
    "log_vendor_median_price_36m": 229.3886717458566,
    "sex_encoded": 375.84683013955754,
    "vendor_volume_bucket_encoded": 25.00209108988444,
    "sale_company_encoded": 581.5933092435201,
    "sire_sample_flag_36m": 2.0560916364192963,
    "dam_first_foal_flag": 0.0,
    "vendor_first_seen_flag": 0.0
  }
}