{
  "q25": {
    "session_median_price": 1029.043071269989,
    "sire_sold_count_36m": 590.2389072179794,
    "sire_total_offered_36m": 513.3888722062111,
    "sire_clearance_rate_36m": 578.8043448328972,
    "sire_median_price_36m": 652.3373117446899,
    "sire_sold_count_12m": 426.34475937485695,
    "sire_total_offered_12m": 402.6819907426834,
    "sire_clearance_rate_12m": 509.5887688398361,
    "sire_median_price_12m": 1561.3920581638813,
    "sire_momentum": 639.6280691623688,
    "dam_progeny_sold_count": 136.1904498040676,
    "dam_progeny_total_offered_count": 183.79364773631096,
    "dam_progeny_median_price": 595.1352218687534,
    "vendor_sold_count_36m": 696.803165435791,
    "vendor_total_offered_36m": 635.3593047857285,
    "vendor_clearance_rate_36m": 694.581772685051,
    "vendor_median_price_36m": 920.5096380710602,
    "log_session_median_price": 189.89545437693596,
    "log_sire_median_price_36m": 203.71044424176216,
    "log_sire_median_price_12m": 376.8162012696266,
    "log_dam_progeny_median_price": 120.60906708240509,
    "log_vendor_median_price_36m": 198.878291785717,
    "sex_encoded": 234.61810690164566,
    "vendor_volume_bucket_encoded": 18.9787437915802,
    "sale_company_encoded": 90.4397706091404,
    "sire_sample_flag_36m": 1.5495400428771973,
    "dam_first_foal_flag": 0.0,
    "vendor_first_seen_flag": 0.0
  },
  "q50": {
    "session_median_price": 1800.0484589338303,
    "sire_sold_count_36m": 879.9855770468712,
    "sire_total_offered_36m": 895.0838780403137,
    "sire_clearance_rate_36m": 861.9584794044495,
    "sire_median_price_36m": 863.9757047891617,
    "sire_sold_count_12m": 617.5307652056217,
    "sire_total_offered_12m": 532.5536809563637,
    "sire_clearance_rate_12m": 695.5016278624535,
    "sire_median_price_12m": 2460.4452162384987,
    "sire_momentum": 856.7706188559532,
    "dam_progeny_sold_count": 206.18157571554184,
    "dam_progeny_total_offered_count": 243.04974156618118,
    "dam_progeny_median_price": 1074.0102198123932,
    "vendor_sold_count_36m": 900.5875725746155,
    "vendor_total_offered_36m": 968.1508065164089,
    "vendor_clearance_rate_36m": 1017.7526937127113,
    "vendor_median_price_36m": 1334.287202656269,
    "log_session_median_price": 381.26103577017784,
    "log_sire_median_price_36m": 253.33653038740158,
    "log_sire_median_price_12m": 620.8511534631252,
    "log_dam_progeny_median_price": 223.19058787822723,
    "log_vendor_median_price_36m": 277.484237909317,
    "sex_encoded": 359.69976902008057,
    "vendor_volume_bucket_encoded": 14.993540048599243,
    "sale_company_encoded": 104.00884556770325,
    "sire_sample_flag_36m": 4.332239925861359,
    "dam_first_foal_flag": 0.0,
    "vendor_first_seen_flag": 0.0
  },
  "q75": {
    "session_median_price": 1430.125715047121,
    "sire_sold_count_36m": 565.3494258522987,
    "sire_total_offered_36m": 515.5324656367302,
    "sire_clearance_rate_36m": 598.5336756110191,
    "sire_median_price_36m": 629.7450464963913,
    "sire_sold_count_12m": 468.37882140278816,
    "sire_total_offered_12m": 433.0496646165848,
    "sire_clearance_rate_12m": 480.65559896826744,
    "sire_median_price_12m": 1784.8695172071457,
    "sire_momentum": 532.509714871645,
    "dam_progeny_sold_count": 132.92973563075066,
    "dam_progeny_total_offered_count": 150.58233737945557,
    "dam_progeny_median_price": 808.3765660822392,
    "vendor_sold_count_36m": 564.9699895679951,
    "vendor_total_offered_36m": 519.861718416214,
    "vendor_clearance_rate_36m": 729.6020010113716,
    "vendor_median_price_36m": 917.442330956459,
    "log_session_median_price": 315.894827067852,
    "log_sire_median_price_36m": 206.90443754196167,
    "log_sire_median_price_12m": 413.8402573168278,
    "log_dam_progeny_median_price": 186.42794689536095,
    "log_vendor_median_price_36m": 169.51459524035454,
    "sex_encoded": 278.0758852362633,
    "vendor_volume_bucket_encoded": 7.774240016937256,
    "sale_company_encoded": 30.95901596546173,
    "sire_sample_flag_36m": 4.1123159527778625,
    "dam_first_foal_flag": 0.0,
    "vendor_first_seen_flag": 0.0
  },
  "average": {
    "session_median_price": 1419.7390817503135,
    "sire_sold_count_36m": 678.5246367057165,
    "sire_total_offered_36m": 641.335071961085,
    "sire_clearance_rate_36m": 679.7654999494553,
    "sire_median_price_36m": 715.3526876767477,
    "sire_sold_count_12m": 504.08478199442226,
    "sire_total_offered_12m": 456.0951121052106,
    "sire_clearance_rate_12m": 561.9153318901857,
    "sire_median_price_12m": 1935.5689305365086,
    "sire_momentum": 676.3028009633223,
    "dam_progeny_sold_count": 158.43392038345337,
    "dam_progeny_total_offered_count": 192.4752422273159,
    "dam_progeny_median_price": 825.8406692544619,
    "vendor_sold_count_36m": 720.7869091928005,
    "vendor_total_offered_36m": 707.7906099061171,
    "vendor_clearance_rate_36m": 813.9788224697113,
    "vendor_median_price_36m": 1057.4130572279294,
    "log_session_median_price": 295.6837724049886,
    "log_sire_median_price_36m": 221.31713739037514,
    "log_sire_median_price_12m": 470.5025373498599,
    "log_dam_progeny_median_price": 176.74253395199776,
    "log_vendor_median_price_36m": 215.29237497846285,
    "sex_encoded": 290.7979203859965,
    "vendor_volume_bucket_encoded": 13.915507952372232,
    "sale_company_encoded": 75.13587738076846,
    "sire_sample_flag_36m": 3.3313653071721396,
    "dam_first_foal_flag": 0.0,
    "vendor_first_seen_flag": 0.0
  }
}