{
  "q25": {
    "session_median_price": 20.26276585459709,
    "sire_sold_count_36m": 59.93822407722473,
    "sire_total_offered_36m": 14.813026070594788,
    "sire_clearance_rate_36m": 32.726992070674896,
    "sire_median_price_36m": 54.62469381093979,
    "sire_sold_count_12m": 24.072662889957428,
    "sire_total_offered_12m": 32.388868033885956,
    "sire_clearance_rate_12m": 12.313671052455902,
    "sire_median_price_12m": 70.59082137048244,
    "sire_momentum": 32.127505123615265,
    "dam_progeny_sold_count": 3.195878028869629,
    "dam_progeny_total_offered_count": 1.7083439826965332,
    "dam_progeny_median_price": 9.805874049663544,
    "vendor_sold_count_36m": 57.96656599640846,
    "vendor_total_offered_36m": 27.342647790908813,
    "vendor_clearance_rate_36m": 20.282495081424713,
    "vendor_median_price_36m": 102.96692863106728,
    "log_session_median_price": 2.2769839763641357,
    "log_sire_median_price_36m": 22.73005300760269,
    "log_sire_median_price_12m": 14.600059986114502,
    "log_dam_progeny_median_price": 1.4231860041618347,
    "log_vendor_median_price_36m": 11.998316049575806,
    "sex_encoded": 44.46334493160248,
    "vendor_volume_bucket_encoded": 3.9551680088043213,
    "sale_company_encoded": 1.82430300116539,
    "sire_sample_flag_36m": 0.0,
    "dam_first_foal_flag": 0.0,
    "vendor_first_seen_flag": 0.0
  },
  "q50": {
    "session_median_price": 15.59649807214737,
    "sire_sold_count_36m": 38.47836208343506,
    "sire_total_offered_36m": 11.511099815368652,
    "sire_clearance_rate_36m": 17.790569722652435,
    "sire_median_price_36m": 48.09654402732849,
    "sire_sold_count_12m": 17.38912397623062,
    "sire_total_offered_12m": 35.305136024951935,
    "sire_clearance_rate_12m": 11.708988010883331,
    "sire_median_price_12m": 41.029740273952484,
    "sire_momentum": 26.879121124744415,
    "dam_progeny_sold_count": 0.0,
    "dam_progeny_total_offered_count": 0.6530709862709045,
    "dam_progeny_median_price": 0.8129950165748596,
    "vendor_sold_count_36m": 26.63656795024872,
    "vendor_total_offered_36m": 16.2520250082016,
    "vendor_clearance_rate_36m": 12.839558780193329,
    "vendor_median_price_36m": 54.66064211726189,
    "log_session_median_price": 6.384432017803192,
    "log_sire_median_price_36m": 56.88433587551117,
    "log_sire_median_price_12m": 1.830549955368042,
    "log_dam_progeny_median_price": 2.89451003074646,
    "log_vendor_median_price_36m": 2.618680000305176,
    "sex_encoded": 23.863916039466858,
    "vendor_volume_bucket_encoded": 1.1750600337982178,
    "sale_company_encoded": 0.6590920090675354,
    "sire_sample_flag_36m": 0.0,
    "dam_first_foal_flag": 0.0,
    "vendor_first_seen_flag": 0.0
  },
  "q75": {
    "session_median_price": 63.69505026936531,
    "sire_sold_count_36m": 67.51417082548141,
    "sire_total_offered_36m": 55.53646746277809,
    "sire_clearance_rate_36m": 31.46717396378517,
    "sire_median_price_36m": 129.5500954091549,
    "sire_sold_count_12m": 44.84075103700161,
    "sire_total_offered_12m": 55.98964089155197,
    "sire_clearance_rate_12m": 16.242650002241135,
    "sire_median_price_12m": 79.53376069664955,
    "sire_momentum": 66.5952518582344,
    "dam_progeny_sold_count": 1.5053199529647827,
    "dam_progeny_total_offered_count": 3.2748600244522095,
    "dam_progeny_median_price": 23.12812501192093,
    "vendor_sold_count_36m": 67.21995612978935,
    "vendor_total_offered_36m": 39.89688178896904,
    "vendor_clearance_rate_36m": 22.492578893899918,
    "vendor_median_price_36m": 132.75006076693535,
    "log_session_median_price": 18.478982001543045,
    "log_sire_median_price_36m": 65.20423510670662,
    "log_sire_median_price_12m": 13.134341895580292,
    "log_dam_progeny_median_price": 3.1057369112968445,
    "log_vendor_median_price_36m": 13.192434936761856,
    "sex_encoded": 36.87667393684387,
    "vendor_volume_bucket_encoded": 3.290358990430832,
    "sale_company_encoded": 6.964945077896118,
    "sire_sample_flag_36m": 0.0,
    "dam_first_foal_flag": 0.0,
    "vendor_first_seen_flag": 0.0
  },
  "average": {
    "session_median_price": 33.184771398703255,
    "sire_sold_count_36m": 55.31025232871374,
    "sire_total_offered_36m": 27.28686444958051,
    "sire_clearance_rate_36m": 27.328245252370834,
    "sire_median_price_36m": 77.42377774914105,
    "sire_sold_count_12m": 28.767512634396553,
    "sire_total_offered_12m": 41.22788165012995,
    "sire_clearance_rate_12m": 13.421769688526789,
    "sire_median_price_12m": 63.71810744702816,
    "sire_momentum": 41.86729270219803,
    "dam_progeny_sold_count": 1.567065993944804,
    "dam_progeny_total_offered_count": 1.8787583311398823,
    "dam_progeny_median_price": 11.24899802605311,
    "vendor_sold_count_36m": 50.60769669214884,
    "vendor_total_offered_36m": 27.830518196026485,
    "vendor_clearance_rate_36m": 18.538210918505985,
    "vendor_median_price_36m": 96.79254383842151,
    "log_session_median_price": 9.046799331903458,
    "log_sire_median_price_36m": 48.27287466327349,
    "log_sire_median_price_12m": 9.854983945687612,
    "log_dam_progeny_median_price": 2.4744776487350464,
    "log_vendor_median_price_36m": 9.269810328880945,
    "sex_encoded": 35.067978302637734,
    "vendor_volume_bucket_encoded": 2.806862344344457,
    "sale_company_encoded": 3.1494466960430145,
    "sire_sample_flag_36m": 0.0,
    "dam_first_foal_flag": 0.0,
    "vendor_first_seen_flag": 0.0
  }
}