{
  "q25": {
    "session_median_price": 1320.5120342969894,
    "sire_sold_count_36m": 818.7318786978722,
    "sire_total_offered_36m": 761.1430473327637,
    "sire_clearance_rate_36m": 870.5039264857769,
    "sire_median_price_36m": 952.3274301588535,
    "sire_sold_count_12m": 682.9943031668663,
    "sire_total_offered_12m": 614.3533055484295,
    "sire_clearance_rate_12m": 898.10274502635,
    "sire_median_price_12m": 2098.5633024275303,
    "sire_momentum": 827.0209447741508,
    "dam_progeny_sold_count": 273.85654243826866,
    "dam_progeny_total_offered_count": 298.8224893808365,
    "dam_progeny_median_price": 1166.8440407812595,
    "vendor_sold_count_36m": 1159.15453851223,
    "vendor_total_offered_36m": 948.5429956614971,
    "vendor_clearance_rate_36m": 1285.6715823113918,
    "vendor_median_price_36m": 1406.0257271528244,
    "log_session_median_price": 296.1669155061245,
    "log_sire_median_price_36m": 306.8379790186882,
    "log_sire_median_price_12m": 488.9627877473831,
    "log_dam_progeny_median_price": 243.8100587427616,
    "log_vendor_median_price_36m": 219.47796100378036,
    "sex_encoded": 372.93506586551666,
    "vendor_volume_bucket_encoded": 31.597230076789856,
    "sale_company_encoded": 115.93493741750717,
    "sire_sample_flag_36m": 1.0633000135421753,
    "dam_first_foal_flag": 0.0,
    "vendor_first_seen_flag": 5.895969986915588
  },
  "q50": {
    "session_median_price": 1939.316299021244,
    "sire_sold_count_36m": 631.1624112725258,
    "sire_total_offered_36m": 759.6241222023964,
    "sire_clearance_rate_36m": 661.4000697731972,
    "sire_median_price_36m": 991.0455787777901,
    "sire_sold_count_12m": 598.6547782421112,
    "sire_total_offered_12m": 517.8405157923698,
    "sire_clearance_rate_12m": 587.8551174998283,
    "sire_median_price_12m": 2767.8412128686905,
    "sire_momentum": 692.1432364583015,
    "dam_progeny_sold_count": 216.15942829847336,
    "dam_progeny_total_offered_count": 164.9740707874298,
    "dam_progeny_median_price": 1069.8771827816963,
    "vendor_sold_count_36m": 804.3957078456879,
    "vendor_total_offered_36m": 623.9427422881126,
    "vendor_clearance_rate_36m": 866.1074016094208,
    "vendor_median_price_36m": 1210.0515133142471,
    "log_session_median_price": 437.53986859321594,
    "log_sire_median_price_36m": 410.0782530903816,
    "log_sire_median_price_12m": 736.3508122563362,
    "log_dam_progeny_median_price": 196.81063210964203,
    "log_vendor_median_price_36m": 203.80251836776733,
    "sex_encoded": 361.67389583587646,
    "vendor_volume_bucket_encoded": 7.950510144233704,
    "sale_company_encoded": 75.0201233625412,
    "sire_sample_flag_36m": 5.168920040130615,
    "dam_first_foal_flag": 0.0,
    "vendor_first_seen_flag": 9.387830018997192
  },
  "q75": {
    "session_median_price": 2008.7467191517353,
    "sire_sold_count_36m": 826.7082491517067,
    "sire_total_offered_36m": 760.4952694773674,
    "sire_clearance_rate_36m": 802.6042120158672,
    "sire_median_price_36m": 1036.0996930599213,
    "sire_sold_count_12m": 719.1197366416454,
    "sire_total_offered_12m": 644.7705295681953,
    "sire_clearance_rate_12m": 678.3629851937294,
    "sire_median_price_12m": 2230.2766909599304,
    "sire_momentum": 773.6628237068653,
    "dam_progeny_sold_count": 208.71785160899162,
    "dam_progeny_total_offered_count": 275.6072233617306,
    "dam_progeny_median_price": 1075.3406941592693,
    "vendor_sold_count_36m": 843.0478340387344,
    "vendor_total_offered_36m": 673.881837785244,
    "vendor_clearance_rate_36m": 989.5894260108471,
    "vendor_median_price_36m": 1111.6716339588165,
    "log_session_median_price": 446.91951820254326,
    "log_sire_median_price_36m": 306.1299186348915,
    "log_sire_median_price_12m": 620.9012652635574,
    "log_dam_progeny_median_price": 247.91063153743744,
    "log_vendor_median_price_36m": 193.13358730077744,
    "sex_encoded": 374.2759521007538,
    "vendor_volume_bucket_encoded": 18.002844154834747,
    "sale_company_encoded": 63.11770814657211,
    "sire_sample_flag_36m": 0.0,
    "dam_first_foal_flag": 0.0,
    "vendor_first_seen_flag": 4.1576849818229675
  },
  "average": {
    "session_median_price": 1756.1916841566563,
    "sire_sold_count_36m": 758.8675130407015,
    "sire_total_offered_36m": 760.4208130041758,
    "sire_clearance_rate_36m": 778.1694027582804,
    "sire_median_price_36m": 993.1575673321883,
    "sire_sold_count_12m": 666.9229393502077,
    "sire_total_offered_12m": 592.3214503029982,
    "sire_clearance_rate_12m": 721.4402825733026,
    "sire_median_price_12m": 2365.560402085384,
    "sire_momentum": 764.2756683131059,
    "dam_progeny_sold_count": 232.91127411524454,
    "dam_progeny_total_offered_count": 246.4679278433323,
    "dam_progeny_median_price": 1104.0206392407417,
    "vendor_sold_count_36m": 935.5326934655508,
    "vendor_total_offered_36m": 748.7891919116179,
    "vendor_clearance_rate_36m": 1047.1228033105533,
    "vendor_median_price_36m": 1242.5829581419628,
    "log_session_median_price": 393.5421007672946,
    "log_sire_median_price_36m": 341.01538358132046,
    "log_sire_median_price_12m": 615.4049550890923,
    "log_dam_progeny_median_price": 229.5104407966137,
    "log_vendor_median_price_36m": 205.4713555574417,
    "sex_encoded": 369.62830460071564,
    "vendor_volume_bucket_encoded": 19.183528125286102,
    "sale_company_encoded": 84.69092297554016,
    "sire_sample_flag_36m": 2.0774066845575967,
    "dam_first_foal_flag": 0.0,
    "vendor_first_seen_flag": 6.480494995911916
  }
}