{
  "q25": {
    "session_median_price": 1473.5374952852726,
    "sire_sold_count_36m": 1006.9370150566101,
    "sire_total_offered_36m": 989.0713525414467,
    "sire_clearance_rate_36m": 1113.0977139472961,
    "sire_median_price_36m": 1126.3953231573105,
    "sire_sold_count_12m": 790.323343962431,
    "sire_total_offered_12m": 764.224916934967,
    "sire_clearance_rate_12m": 1059.0260397791862,
    "sire_median_price_12m": 2125.912179559469,
    "sire_momentum": 993.0748829245567,
    "dam_progeny_sold_count": 320.97522354125977,
    "dam_progeny_total_offered_count": 350.43349316716194,
    "dam_progeny_median_price": 1445.4606299698353,
    "vendor_sold_count_36m": 1260.8426715135574,
    "vendor_total_offered_36m": 1157.8904458284378,
    "vendor_clearance_rate_36m": 1429.8764498233795,
    "vendor_median_price_36m": 1692.2542626857758,
    "log_session_median_price": 319.6313154101372,
    "log_sire_median_price_36m": 374.09346824884415,
    "log_sire_median_price_12m": 505.7786504626274,
    "log_dam_progeny_median_price": 250.70658412575722,
    "log_vendor_median_price_36m": 332.7084214091301,
    "sex_encoded": 463.5391936004162,
    "vendor_volume_bucket_encoded": 55.76613971590996,
    "sale_company_encoded": 132.53352478146553,
    "sire_sample_flag_36m": 3.051826000213623,
    "dam_first_foal_flag": 1.2637300491333008,
    "vendor_first_seen_flag": 5.807142972946167
  },
  "q50": {
    "session_median_price": 2220.864923030138,
    "sire_sold_count_36m": 1073.2915475964546,
    "sire_total_offered_36m": 1031.172422081232,
    "sire_clearance_rate_36m": 1042.903990805149,
    "sire_median_price_36m": 1277.3793268203735,
    "sire_sold_count_12m": 840.7833743989468,
    "sire_total_offered_12m": 767.2585365772247,
    "sire_clearance_rate_12m": 996.343584895134,
    "sire_median_price_12m": 2983.1014789938927,
    "sire_momentum": 938.1190629601479,
    "dam_progeny_sold_count": 234.66703420877457,
    "dam_progeny_total_offered_count": 317.81275457143784,
    "dam_progeny_median_price": 1577.0120969712734,
    "vendor_sold_count_36m": 1329.4680904448032,
    "vendor_total_offered_36m": 1186.6891911625862,
    "vendor_clearance_rate_36m": 1428.0153725147247,
    "vendor_median_price_36m": 1608.4150265455246,
    "log_session_median_price": 481.0977286696434,
    "log_sire_median_price_36m": 400.0914331674576,
    "log_sire_median_price_12m": 708.4235046505928,
    "log_dam_progeny_median_price": 353.6140249669552,
    "log_vendor_median_price_36m": 313.3785970211029,
    "sex_encoded": 507.43516996502876,
    "vendor_volume_bucket_encoded": 28.944743990898132,
    "sale_company_encoded": 100.57359853386879,
    "sire_sample_flag_36m": 1.5223499536514282,
    "dam_first_foal_flag": 0.0,
    "vendor_first_seen_flag": 2.996429920196533
  },
  "q75": {
    "session_median_price": 1552.4414232373238,
    "sire_sold_count_36m": 484.7223410010338,
    "sire_total_offered_36m": 469.4083941578865,
    "sire_clearance_rate_36m": 396.508307993412,
    "sire_median_price_36m": 834.2225471735001,
    "sire_sold_count_12m": 436.06214994192123,
    "sire_total_offered_12m": 301.5866419672966,
    "sire_clearance_rate_12m": 371.6990687251091,
    "sire_median_price_12m": 1618.1599897146225,
    "sire_momentum": 418.73202073574066,
    "dam_progeny_sold_count": 61.09962046146393,
    "dam_progeny_total_offered_count": 125.16706502437592,
    "dam_progeny_median_price": 673.7099262475967,
    "vendor_sold_count_36m": 454.17321544885635,
    "vendor_total_offered_36m": 426.3852345943451,
    "vendor_clearance_rate_36m": 537.5107284188271,
    "vendor_median_price_36m": 662.5974386334419,
    "log_session_median_price": 403.8485146164894,
    "log_sire_median_price_36m": 295.53068459033966,
    "log_sire_median_price_12m": 498.8617725968361,
    "log_dam_progeny_median_price": 150.11691331863403,
    "log_vendor_median_price_36m": 131.57790851593018,
    "sex_encoded": 244.98119342327118,
    "vendor_volume_bucket_encoded": 11.179053783416748,
    "sale_company_encoded": 26.013944923877716,
    "sire_sample_flag_36m": 2.3637399673461914,
    "dam_first_foal_flag": 0.0,
    "vendor_first_seen_flag": 0.0
  },
  "average": {
    "session_median_price": 1748.9479471842449,
    "sire_sold_count_36m": 854.9836345513662,
    "sire_total_offered_36m": 829.8840562601885,
    "sire_clearance_rate_36m": 850.8366709152857,
    "sire_median_price_36m": 1079.3323990503948,
    "sire_sold_count_12m": 689.056289434433,
    "sire_total_offered_12m": 611.0233651598295,
    "sire_clearance_rate_12m": 809.0228977998098,
    "sire_median_price_12m": 2242.3912160893283,
    "sire_momentum": 783.3086555401484,
    "dam_progeny_sold_count": 205.58062607049942,
    "dam_progeny_total_offered_count": 264.4711042543252,
    "dam_progeny_median_price": 1232.0608843962352,
    "vendor_sold_count_36m": 1014.8279924690723,
    "vendor_total_offered_36m": 923.6549571951231,
    "vendor_clearance_rate_36m": 1131.8008502523105,
    "vendor_median_price_36m": 1321.0889092882474,
    "log_session_median_price": 401.5258528987567,
    "log_sire_median_price_36m": 356.5718620022138,
    "log_sire_median_price_12m": 571.0213092366854,
    "log_dam_progeny_median_price": 251.47917413711548,
    "log_vendor_median_price_36m": 259.2216423153877,
    "sex_encoded": 405.3185189962387,
    "vendor_volume_bucket_encoded": 31.96331249674161,
    "sale_company_encoded": 86.37368941307068,
    "sire_sample_flag_36m": 2.3126386404037476,
    "dam_first_foal_flag": 0.4212433497111003,
    "vendor_first_seen_flag": 2.9345242977142334
  }
}