{
  "q25": {
    "session_median_price": 908.2091954946518,
    "sire_sold_count_36m": 538.9242691993713,
    "sire_total_offered_36m": 419.35089737176895,
    "sire_clearance_rate_36m": 446.32255750894547,
    "sire_median_price_36m": 557.5145589113235,
    "sire_sold_count_12m": 299.92903473973274,
    "sire_total_offered_12m": 366.64138874411583,
    "sire_clearance_rate_12m": 385.67039728164673,
    "sire_median_price_12m": 1425.3185895383358,
    "sire_momentum": 517.3706856966019,
    "dam_progeny_sold_count": 106.16438674926758,
    "dam_progeny_total_offered_count": 119.49320089817047,
    "dam_progeny_median_price": 453.19102931022644,
    "vendor_sold_count_36m": 547.3547592163086,
    "vendor_total_offered_36m": 484.14697909355164,
    "vendor_clearance_rate_36m": 543.0748991370201,
    "vendor_median_price_36m": 885.9210676848888,
    "log_session_median_price": 184.74129903316498,
    "log_sire_median_price_36m": 197.642263174057,
    "log_sire_median_price_12m": 376.4348974823952,
    "log_dam_progeny_median_price": 89.95508724451065,
    "log_vendor_median_price_36m": 181.85447973012924,
    "sex_encoded": 168.33619767427444,
    "vendor_volume_bucket_encoded": 39.436416923999786,
    "sale_company_encoded": 74.69883900880814,
    "sire_sample_flag_36m": 3.501420021057129,
    "dam_first_foal_flag": 0.0,
    "vendor_first_seen_flag": 0.0
  },
  "q50": {
    "session_median_price": 1910.9911364912987,
    "sire_sold_count_36m": 1127.3047090172768,
    "sire_total_offered_36m": 920.6349911093712,
    "sire_clearance_rate_36m": 1193.0211803913116,
    "sire_median_price_36m": 1012.8883963823318,
    "sire_sold_count_12m": 798.4835129976273,
    "sire_total_offered_12m": 713.4291377067566,
    "sire_clearance_rate_12m": 959.1994209289551,
    "sire_median_price_12m": 2726.5000742673874,
    "sire_momentum": 1023.9322830438614,
    "dam_progeny_sold_count": 317.1430618464947,
    "dam_progeny_total_offered_count": 388.252228975296,
    "dam_progeny_median_price": 1448.5212258696556,
    "vendor_sold_count_36m": 1218.845776349306,
    "vendor_total_offered_36m": 1103.1174736618996,
    "vendor_clearance_rate_36m": 1355.7203873991966,
    "vendor_median_price_36m": 1638.609483242035,
    "log_session_median_price": 451.414724200964,
    "log_sire_median_price_36m": 316.09132570028305,
    "log_sire_median_price_12m": 615.741636455059,
    "log_dam_progeny_median_price": 274.85307759046555,
    "log_vendor_median_price_36m": 340.0319879949093,
    "sex_encoded": 416.80816382169724,
    "vendor_volume_bucket_encoded": 23.956061959266663,
    "sale_company_encoded": 137.55214750766754,
    "sire_sample_flag_36m": 1.0477299690246582,
    "dam_first_foal_flag": 0.0,
    "vendor_first_seen_flag": 0.0
  },
  "q75": {
    "session_median_price": 1455.0635195672512,
    "sire_sold_count_36m": 602.5991503000259,
    "sire_total_offered_36m": 554.3305121958256,
    "sire_clearance_rate_36m": 630.8414779901505,
    "sire_median_price_36m": 660.7600115835667,
    "sire_sold_count_12m": 480.5050535798073,
    "sire_total_offered_12m": 407.76238319277763,
    "sire_clearance_rate_12m": 541.9388545453548,
    "sire_median_price_12m": 1804.0928076207638,
    "sire_momentum": 614.328038930893,
    "dam_progeny_sold_count": 142.02217683196068,
    "dam_progeny_total_offered_count": 196.05762580037117,
    "dam_progeny_median_price": 878.5616872906685,
    "vendor_sold_count_36m": 656.424811065197,
    "vendor_total_offered_36m": 569.0076465308666,
    "vendor_clearance_rate_36m": 774.8478243350983,
    "vendor_median_price_36m": 964.8104256689548,
    "log_session_median_price": 322.5536656975746,
    "log_sire_median_price_36m": 232.11824357509613,
    "log_sire_median_price_12m": 414.28544557094574,
    "log_dam_progeny_median_price": 188.13257962465286,
    "log_vendor_median_price_36m": 161.13836759328842,
    "sex_encoded": 271.10599941015244,
    "vendor_volume_bucket_encoded": 15.199035942554474,
    "sale_company_encoded": 32.63277679681778,
    "sire_sample_flag_36m": 0.8041859865188599,
    "dam_first_foal_flag": 0.0,
    "vendor_first_seen_flag": 0.0
  },
  "average": {
    "session_median_price": 1424.7546171844006,
    "sire_sold_count_36m": 756.2760428388914,
    "sire_total_offered_36m": 631.4388002256552,
    "sire_clearance_rate_36m": 756.7284052968025,
    "sire_median_price_36m": 743.720988959074,
    "sire_sold_count_12m": 526.3058671057224,
    "sire_total_offered_12m": 495.94430321455,
    "sire_clearance_rate_12m": 628.9362242519855,
    "sire_median_price_12m": 1985.303823808829,
    "sire_momentum": 718.5436692237854,
    "dam_progeny_sold_count": 188.44320847590765,
    "dam_progeny_total_offered_count": 234.60101855794588,
    "dam_progeny_median_price": 926.7579808235168,
    "vendor_sold_count_36m": 807.5417822102705,
    "vendor_total_offered_36m": 718.7573664287726,
    "vendor_clearance_rate_36m": 891.2143702904383,
    "vendor_median_price_36m": 1163.1136588652928,
    "log_session_median_price": 319.56989631056786,
    "log_sire_median_price_36m": 248.6172774831454,
    "log_sire_median_price_12m": 468.8206598361333,
    "log_dam_progeny_median_price": 184.31358148654303,
    "log_vendor_median_price_36m": 227.674945106109,
    "sex_encoded": 285.41678696870804,
    "vendor_volume_bucket_encoded": 26.197171608606975,
    "sale_company_encoded": 81.62792110443115,
    "sire_sample_flag_36m": 1.784445325533549,
    "dam_first_foal_flag": 0.0,
    "vendor_first_seen_flag": 0.0
  }
}