{
  "q25": {
    "session_median_price": 118.5128454118967,
    "sire_sold_count_36m": 177.24332413077354,
    "sire_total_offered_36m": 122.52458409965038,
    "sire_clearance_rate_36m": 154.97076301276684,
    "sire_median_price_36m": 266.44241112470627,
    "sire_sold_count_12m": 72.67914463579655,
    "sire_total_offered_12m": 70.35140191018581,
    "sire_clearance_rate_12m": 81.54758009314537,
    "sire_median_price_12m": 161.72608411312103,
    "sire_momentum": 35.148878023028374,
    "dam_progeny_sold_count": 17.37285590171814,
    "dam_progeny_total_offered_count": 12.579871952533722,
    "dam_progeny_median_price": 125.0662323385477,
    "vendor_sold_count_36m": 170.7422404885292,
    "vendor_total_offered_36m": 99.43138089776039,
    "vendor_clearance_rate_36m": 92.37065833806992,
    "vendor_median_price_36m": 196.835711941123,
    "log_session_median_price": 23.305325865745544,
    "log_sire_median_price_36m": 94.46700505912304,
    "log_sire_median_price_12m": 28.98648676276207,
    "log_dam_progeny_median_price": 44.57162404060364,
    "log_vendor_median_price_36m": 40.24369004368782,
    "sex_encoded": 99.6826376914978,
    "vendor_volume_bucket_encoded": 20.394209265708923,
    "sale_company_encoded": 0.0,
    "sire_sample_flag_36m": 0.0,
    "dam_first_foal_flag": 0.0,
    "vendor_first_seen_flag": 6.163341999053955
  },
  "q50": {
    "session_median_price": 153.89078287780285,
    "sire_sold_count_36m": 339.60632298886776,
    "sire_total_offered_36m": 194.08719415962696,
    "sire_clearance_rate_36m": 243.8407669365406,
    "sire_median_price_36m": 478.47358840703964,
    "sire_sold_count_12m": 197.36564479768276,
    "sire_total_offered_12m": 143.05397725105286,
    "sire_clearance_rate_12m": 113.10686123371124,
    "sire_median_price_12m": 265.37781551480293,
    "sire_momentum": 87.41985680162907,
    "dam_progeny_sold_count": 31.8980021327734,
    "dam_progeny_total_offered_count": 25.699374854564667,
    "dam_progeny_median_price": 190.71970103681087,
    "vendor_sold_count_36m": 298.7130797803402,
    "vendor_total_offered_36m": 203.76888227462769,
    "vendor_clearance_rate_36m": 150.64033202826977,
    "vendor_median_price_36m": 317.3017765432596,
    "log_session_median_price": 23.01264601945877,
    "log_sire_median_price_36m": 185.80477032065392,
    "log_sire_median_price_12m": 41.93451417982578,
    "log_dam_progeny_median_price": 38.91971196234226,
    "log_vendor_median_price_36m": 66.68225468695164,
    "sex_encoded": 186.73466739058495,
    "vendor_volume_bucket_encoded": 22.693967878818512,
    "sale_company_encoded": 0.0,
    "sire_sample_flag_36m": 1.3235040307044983,
    "dam_first_foal_flag": 0.0,
    "vendor_first_seen_flag": 10.140469044446945
  },
  "q75": {
    "session_median_price": 87.56215770542622,
    "sire_sold_count_36m": 205.28697507083416,
    "sire_total_offered_36m": 105.61566315591335,
    "sire_clearance_rate_36m": 118.9934853464365,
    "sire_median_price_36m": 289.69256695359945,
    "sire_sold_count_12m": 85.42442111670971,
    "sire_total_offered_12m": 57.886446207761765,
    "sire_clearance_rate_12m": 54.82273085415363,
    "sire_median_price_12m": 136.14167767763138,
    "sire_momentum": 26.165623858571053,
    "dam_progeny_sold_count": 16.338969066739082,
    "dam_progeny_total_offered_count": 15.089473858475685,
    "dam_progeny_median_price": 81.43505091965199,
    "vendor_sold_count_36m": 140.04335989058018,
    "vendor_total_offered_36m": 117.0942617058754,
    "vendor_clearance_rate_36m": 89.88250394165516,
    "vendor_median_price_36m": 165.27267399430275,
    "log_session_median_price": 19.87175504863262,
    "log_sire_median_price_36m": 137.70040659606457,
    "log_sire_median_price_12m": 20.692967981100082,
    "log_dam_progeny_median_price": 26.604120820760727,
    "log_vendor_median_price_36m": 23.38191196322441,
    "sex_encoded": 123.29789108783007,
    "vendor_volume_bucket_encoded": 5.651314973831177,
    "sale_company_encoded": 0.0,
    "sire_sample_flag_36m": 1.3547890186309814,
    "dam_first_foal_flag": 0.0,
    "vendor_first_seen_flag": 7.059578120708466
  },
  "average": {
    "session_median_price": 119.9885953317086,
    "sire_sold_count_36m": 240.71220739682516,
    "sire_total_offered_36m": 140.74248047173023,
    "sire_clearance_rate_36m": 172.60167176524797,
    "sire_median_price_36m": 344.8695221617818,
    "sire_sold_count_12m": 118.48973685006301,
    "sire_total_offered_12m": 90.43060845633347,
    "sire_clearance_rate_12m": 83.15905739367008,
    "sire_median_price_12m": 187.74852576851845,
    "sire_momentum": 49.578119561076164,
    "dam_progeny_sold_count": 21.869942367076874,
    "dam_progeny_total_offered_count": 17.789573555191357,
    "dam_progeny_median_price": 132.40699476500353,
    "vendor_sold_count_36m": 203.16622671981654,
    "vendor_total_offered_36m": 140.09817495942116,
    "vendor_clearance_rate_36m": 110.96449810266495,
    "vendor_median_price_36m": 226.47005415956178,
    "log_session_median_price": 22.06324231127898,
    "log_sire_median_price_36m": 139.32406065861383,
    "log_sire_median_price_12m": 30.537989641229313,
    "log_dam_progeny_median_price": 36.69848560790221,
    "log_vendor_median_price_36m": 43.435952231287956,
    "sex_encoded": 136.57173205663761,
    "vendor_volume_bucket_encoded": 16.246497372786205,
    "sale_company_encoded": 0.0,
    "sire_sample_flag_36m": 0.8927643497784933,
    "dam_first_foal_flag": 0.0,
    "vendor_first_seen_flag": 7.787796388069789
  }
}