{
  "offset_p25": -0.06885268469194528,
  "offset_p75": 0.18018986540840443
}