{
  "offset_p25": -0.14826396802734074,
  "offset_p75": 0.1250006416671691
}