{
  "q25": {
    "session_median_price": 108.99643623828888,
    "sire_sold_count_36m": 78.36555755138397,
    "sire_total_offered_36m": 42.491090416908264,
    "sire_clearance_rate_36m": 28.8363499045372,
    "sire_median_price_36m": 167.3661264181137,
    "sire_sold_count_12m": 60.179003059864044,
    "sire_total_offered_12m": 26.254139244556427,
    "sire_clearance_rate_12m": 9.256145894527435,
    "sire_median_price_12m": 76.00961887836456,
    "sire_momentum": 2.079171061515808,
    "dam_progeny_sold_count": 6.087538123130798,
    "dam_progeny_total_offered_count": 3.0219609141349792,
    "dam_progeny_median_price": 22.873622834682465,
    "vendor_sold_count_36m": 63.55467104911804,
    "vendor_total_offered_36m": 20.777339160442352,
    "vendor_clearance_rate_36m": 24.795325100421906,
    "vendor_median_price_36m": 93.7796436548233,
    "log_session_median_price": 14.18371295928955,
    "log_sire_median_price_36m": 19.349806368350983,
    "log_sire_median_price_12m": 3.117644965648651,
    "log_dam_progeny_median_price": 7.711392164230347,
    "log_vendor_median_price_36m": 29.351986050605774,
    "sex_encoded": 38.006158232688904,
    "vendor_volume_bucket_encoded": 4.21648097038269,
    "sale_company_encoded": 0.0,
    "sire_sample_flag_36m": 0.0,
    "dam_first_foal_flag": 0.0,
    "vendor_first_seen_flag": 0.0
  },
  "q50": {
    "session_median_price": 186.91262358427048,
    "sire_sold_count_36m": 210.3626036643982,
    "sire_total_offered_36m": 115.5067041516304,
    "sire_clearance_rate_36m": 68.8915501832962,
    "sire_median_price_36m": 331.1743625998497,
    "sire_sold_count_12m": 60.42040181159973,
    "sire_total_offered_12m": 55.45519632101059,
    "sire_clearance_rate_12m": 19.785647869110107,
    "sire_median_price_12m": 100.83119130134583,
    "sire_momentum": 46.09225696325302,
    "dam_progeny_sold_count": 4.713227033615112,
    "dam_progeny_total_offered_count": 0.0,
    "dam_progeny_median_price": 32.036756098270416,
    "vendor_sold_count_36m": 153.51489686965942,
    "vendor_total_offered_36m": 78.45491808652878,
    "vendor_clearance_rate_36m": 53.04321026802063,
    "vendor_median_price_36m": 223.28642147779465,
    "log_session_median_price": 20.14654302597046,
    "log_sire_median_price_36m": 48.0616899728775,
    "log_sire_median_price_12m": 1.198989987373352,
    "log_dam_progeny_median_price": 8.414119839668274,
    "log_vendor_median_price_36m": 72.53637313842773,
    "sex_encoded": 68.43352788686752,
    "vendor_volume_bucket_encoded": 3.676668107509613,
    "sale_company_encoded": 0.0,
    "sire_sample_flag_36m": 4.390220046043396,
    "dam_first_foal_flag": 0.0,
    "vendor_first_seen_flag": 0.0
  },
  "q75": {
    "session_median_price": 233.04664051532745,
    "sire_sold_count_36m": 220.00251507759094,
    "sire_total_offered_36m": 138.78066885471344,
    "sire_clearance_rate_36m": 88.39942061901093,
    "sire_median_price_36m": 270.42586490511894,
    "sire_sold_count_12m": 134.56869971752167,
    "sire_total_offered_12m": 76.2650166451931,
    "sire_clearance_rate_12m": 47.87849202752113,
    "sire_median_price_12m": 241.02462968230247,
    "sire_momentum": 41.78108885884285,
    "dam_progeny_sold_count": 15.573427826166153,
    "dam_progeny_total_offered_count": 10.500230938196182,
    "dam_progeny_median_price": 108.28748321533203,
    "vendor_sold_count_36m": 243.8943124115467,
    "vendor_total_offered_36m": 144.82180386781693,
    "vendor_clearance_rate_36m": 78.82513880729675,
    "vendor_median_price_36m": 381.84022557735443,
    "log_session_median_price": 28.117395997047424,
    "log_sire_median_price_36m": 35.71365961432457,
    "log_sire_median_price_12m": 37.407932966947556,
    "log_dam_progeny_median_price": 7.550122976303101,
    "log_vendor_median_price_36m": 64.32974576950073,
    "sex_encoded": 109.46589466929436,
    "vendor_volume_bucket_encoded": 12.949065119028091,
    "sale_company_encoded": 0.0,
    "sire_sample_flag_36m": 1.7052600383758545,
    "dam_first_foal_flag": 0.0,
    "vendor_first_seen_flag": 0.0
  },
  "average": {
    "session_median_price": 176.3185667792956,
    "sire_sold_count_36m": 169.57689209779105,
    "sire_total_offered_36m": 98.92615447441737,
    "sire_clearance_rate_36m": 62.04244023561478,
    "sire_median_price_36m": 256.32211797436076,
    "sire_sold_count_12m": 85.05603486299515,
    "sire_total_offered_12m": 52.65811740358671,
    "sire_clearance_rate_12m": 25.64009526371956,
    "sire_median_price_12m": 139.2884799540043,
    "sire_momentum": 29.984172294537228,
    "dam_progeny_sold_count": 8.791397660970688,
    "dam_progeny_total_offered_count": 4.507397284110387,
    "dam_progeny_median_price": 54.399287382761635,
    "vendor_sold_count_36m": 153.65462677677473,
    "vendor_total_offered_36m": 81.35135370492935,
    "vendor_clearance_rate_36m": 52.22122472524643,
    "vendor_median_price_36m": 232.96876356999078,
    "log_session_median_price": 20.815883994102478,
    "log_sire_median_price_36m": 34.37505198518435,
    "log_sire_median_price_12m": 13.908189306656519,
    "log_dam_progeny_median_price": 7.891878326733907,
    "log_vendor_median_price_36m": 55.40603498617808,
    "sex_encoded": 71.96852692961693,
    "vendor_volume_bucket_encoded": 6.947404732306798,
    "sale_company_encoded": 0.0,
    "sire_sample_flag_36m": 2.031826694806417,
    "dam_first_foal_flag": 0.0,
    "vendor_first_seen_flag": 0.0
  }
}