{
  "q25": {
    "session_median_price": 1074.9086212813854,
    "sire_sold_count_36m": 742.2452331781387,
    "sire_total_offered_36m": 617.4772180914879,
    "sire_clearance_rate_36m": 723.8766311407089,
    "sire_median_price_36m": 754.5185271203518,
    "sire_sold_count_12m": 478.0440499186516,
    "sire_total_offered_12m": 506.24675926566124,
    "sire_clearance_rate_12m": 606.5148509144783,
    "sire_median_price_12m": 1714.4195926189423,
    "sire_momentum": 708.3541101515293,
    "dam_progeny_sold_count": 200.795257717371,
    "dam_progeny_total_offered_count": 236.37982100248337,
    "dam_progeny_median_price": 846.3625658154488,
    "vendor_sold_count_36m": 874.4031534194946,
    "vendor_total_offered_36m": 721.2300642728806,
    "vendor_clearance_rate_36m": 943.1652695834637,
    "vendor_median_price_36m": 1192.9305857419968,
    "log_session_median_price": 237.19022592902184,
    "log_sire_median_price_36m": 221.4697903394699,
    "log_sire_median_price_12m": 440.01663187146187,
    "log_dam_progeny_median_price": 173.7064164876938,
    "log_vendor_median_price_36m": 218.3601360321045,
    "sex_encoded": 268.47533547878265,
    "vendor_volume_bucket_encoded": 41.28335976600647,
    "sale_company_encoded": 109.7638101875782,
    "sire_sample_flag_36m": 2.2197530269622803,
    "dam_first_foal_flag": 0.0,
    "vendor_first_seen_flag": 0.0
  },
  "q50": {
    "session_median_price": 1880.0070208013058,
    "sire_sold_count_36m": 910.3190830349922,
    "sire_total_offered_36m": 897.5570249259472,
    "sire_clearance_rate_36m": 982.2176056802273,
    "sire_median_price_36m": 944.3030221760273,
    "sire_sold_count_12m": 704.4258138537407,
    "sire_total_offered_12m": 612.0175193548203,
    "sire_clearance_rate_12m": 776.2876046299934,
    "sire_median_price_12m": 2613.543759316206,
    "sire_momentum": 986.6526615619659,
    "dam_progeny_sold_count": 223.96656477451324,
    "dam_progeny_total_offered_count": 299.2874065935612,
    "dam_progeny_median_price": 1158.0076266229153,
    "vendor_sold_count_36m": 1028.7361297607422,
    "vendor_total_offered_36m": 877.3809750676155,
    "vendor_clearance_rate_36m": 1195.847862303257,
    "vendor_median_price_36m": 1498.3111988306046,
    "log_session_median_price": 408.2809975743294,
    "log_sire_median_price_36m": 245.0258247256279,
    "log_sire_median_price_12m": 617.2372143268585,
    "log_dam_progeny_median_price": 246.7782759666443,
    "log_vendor_median_price_36m": 279.97031632065773,
    "sex_encoded": 374.92307740449905,
    "vendor_volume_bucket_encoded": 30.31686770915985,
    "sale_company_encoded": 77.15740084648132,
    "sire_sample_flag_36m": 4.300324082374573,
    "dam_first_foal_flag": 0.0,
    "vendor_first_seen_flag": 0.0
  },
  "q75": {
    "session_median_price": 1414.6739059984684,
    "sire_sold_count_36m": 648.1534089148045,
    "sire_total_offered_36m": 509.1972599029541,
    "sire_clearance_rate_36m": 595.6839218139648,
    "sire_median_price_36m": 687.844620525837,
    "sire_sold_count_12m": 413.2351723909378,
    "sire_total_offered_12m": 385.8795602321625,
    "sire_clearance_rate_12m": 471.6300677359104,
    "sire_median_price_12m": 1578.9280399084091,
    "sire_momentum": 526.8110157847404,
    "dam_progeny_sold_count": 113.13661998510361,
    "dam_progeny_total_offered_count": 150.98254323005676,
    "dam_progeny_median_price": 818.2337462007999,
    "vendor_sold_count_36m": 611.8131040632725,
    "vendor_total_offered_36m": 577.58681422472,
    "vendor_clearance_rate_36m": 766.0869618952274,
    "vendor_median_price_36m": 808.218125641346,
    "log_session_median_price": 340.59139531850815,
    "log_sire_median_price_36m": 193.0875301361084,
    "log_sire_median_price_12m": 432.7513994574547,
    "log_dam_progeny_median_price": 141.23193502426147,
    "log_vendor_median_price_36m": 166.33311814069748,
    "sex_encoded": 251.2827141880989,
    "vendor_volume_bucket_encoded": 14.358101963996887,
    "sale_company_encoded": 36.89617598056793,
    "sire_sample_flag_36m": 3.6931300163269043,
    "dam_first_foal_flag": 0.0,
    "vendor_first_seen_flag": 0.0
  },
  "average": {
    "session_median_price": 1456.5298493603866,
    "sire_sold_count_36m": 766.9059083759785,
    "sire_total_offered_36m": 674.7438343067964,
    "sire_clearance_rate_36m": 767.2593862116337,
    "sire_median_price_36m": 795.5553899407387,
    "sire_sold_count_12m": 531.90167872111,
    "sire_total_offered_12m": 501.381279617548,
    "sire_clearance_rate_12m": 618.144174426794,
    "sire_median_price_12m": 1968.9637972811859,
    "sire_momentum": 740.6059291660786,
    "dam_progeny_sold_count": 179.2994808256626,
    "dam_progeny_total_offered_count": 228.88325694203377,
    "dam_progeny_median_price": 940.867979546388,
    "vendor_sold_count_36m": 838.3174624145031,
    "vendor_total_offered_36m": 725.3992845217387,
    "vendor_clearance_rate_36m": 968.3666979273161,
    "vendor_median_price_36m": 1166.4866367379825,
    "log_session_median_price": 328.68753960728645,
    "log_sire_median_price_36m": 219.86104840040207,
    "log_sire_median_price_12m": 496.6684152185917,
    "log_dam_progeny_median_price": 187.23887582619986,
    "log_vendor_median_price_36m": 221.5545234978199,
    "sex_encoded": 298.2270423571269,
    "vendor_volume_bucket_encoded": 28.65277647972107,
    "sale_company_encoded": 74.60579567154248,
    "sire_sample_flag_36m": 3.4044023752212524,
    "dam_first_foal_flag": 0.0,
    "vendor_first_seen_flag": 0.0
  }
}