{
  "q25": {
    "session_median_price": 1464.1217569112778,
    "sire_sold_count_36m": 929.6302240788937,
    "sire_total_offered_36m": 882.1609503924847,
    "sire_clearance_rate_36m": 1031.458813905716,
    "sire_median_price_36m": 1028.0748776495457,
    "sire_sold_count_12m": 739.5254462361336,
    "sire_total_offered_12m": 728.3117592334747,
    "sire_clearance_rate_12m": 837.3980911374092,
    "sire_median_price_12m": 2193.103937625885,
    "sire_momentum": 865.3237560689449,
    "dam_progeny_sold_count": 284.6745675802231,
    "dam_progeny_total_offered_count": 342.9339508116245,
    "dam_progeny_median_price": 1291.445411235094,
    "vendor_sold_count_36m": 1222.4192673563957,
    "vendor_total_offered_36m": 1054.9269433617592,
    "vendor_clearance_rate_36m": 1256.1838308870792,
    "vendor_median_price_36m": 1514.353875041008,
    "log_session_median_price": 292.34874257445335,
    "log_sire_median_price_36m": 322.00916689634323,
    "log_sire_median_price_12m": 515.3170571923256,
    "log_dam_progeny_median_price": 253.1242879331112,
    "log_vendor_median_price_36m": 300.16093066334724,
    "sex_encoded": 337.47447338700294,
    "vendor_volume_bucket_encoded": 39.66496577858925,
    "sale_company_encoded": 106.8412489593029,
    "sire_sample_flag_36m": 7.0029600858688354,
    "dam_first_foal_flag": 0.0,
    "vendor_first_seen_flag": 1.6850330233573914
  },
  "q50": {
    "session_median_price": 2211.8540322482586,
    "sire_sold_count_36m": 1151.5448787808418,
    "sire_total_offered_36m": 1015.824452996254,
    "sire_clearance_rate_36m": 1216.3768816888332,
    "sire_median_price_36m": 1227.5251252055168,
    "sire_sold_count_12m": 813.8462526202202,
    "sire_total_offered_12m": 732.8920946419239,
    "sire_clearance_rate_12m": 1020.1712650060654,
    "sire_median_price_12m": 3203.68594494462,
    "sire_momentum": 1051.7596253454685,
    "dam_progeny_sold_count": 281.93404269218445,
    "dam_progeny_total_offered_count": 357.7204734683037,
    "dam_progeny_median_price": 1478.7118746638298,
    "vendor_sold_count_36m": 1271.438283920288,
    "vendor_total_offered_36m": 1160.5640003085136,
    "vendor_clearance_rate_36m": 1399.2850483357906,
    "vendor_median_price_36m": 1726.39181047678,
    "log_session_median_price": 513.7449651956558,
    "log_sire_median_price_36m": 433.4243779182434,
    "log_sire_median_price_12m": 745.9310491979122,
    "log_dam_progeny_median_price": 310.8711271882057,
    "log_vendor_median_price_36m": 349.27546763420105,
    "sex_encoded": 495.2185463309288,
    "vendor_volume_bucket_encoded": 28.084291875362396,
    "sale_company_encoded": 123.36639308929443,
    "sire_sample_flag_36m": 5.2022600173950195,
    "dam_first_foal_flag": 0.0,
    "vendor_first_seen_flag": 6.670159041881561
  },
  "q75": {
    "session_median_price": 1744.3940984904766,
    "sire_sold_count_36m": 589.8134268224239,
    "sire_total_offered_36m": 746.8713872432709,
    "sire_clearance_rate_36m": 619.2966240644455,
    "sire_median_price_36m": 753.9869288802147,
    "sire_sold_count_12m": 587.3532408177853,
    "sire_total_offered_12m": 400.46849969029427,
    "sire_clearance_rate_12m": 510.9791013300419,
    "sire_median_price_12m": 1969.6667883396149,
    "sire_momentum": 631.6027820706367,
    "dam_progeny_sold_count": 164.77775824069977,
    "dam_progeny_total_offered_count": 221.8794537782669,
    "dam_progeny_median_price": 936.7544159591198,
    "vendor_sold_count_36m": 653.4799810349941,
    "vendor_total_offered_36m": 674.5061776638031,
    "vendor_clearance_rate_36m": 850.0281170606613,
    "vendor_median_price_36m": 991.5516518354416,
    "log_session_median_price": 389.30288404226303,
    "log_sire_median_price_36m": 368.0762082338333,
    "log_sire_median_price_12m": 497.5289489030838,
    "log_dam_progeny_median_price": 218.44836562871933,
    "log_vendor_median_price_36m": 183.70851790905,
    "sex_encoded": 289.30503338575363,
    "vendor_volume_bucket_encoded": 9.713514804840088,
    "sale_company_encoded": 40.68947124481201,
    "sire_sample_flag_36m": 1.734969973564148,
    "dam_first_foal_flag": 0.0,
    "vendor_first_seen_flag": 0.0
  },
  "average": {
    "session_median_price": 1806.7899625500042,
    "sire_sold_count_36m": 890.3295098940531,
    "sire_total_offered_36m": 881.6189302106699,
    "sire_clearance_rate_36m": 955.7107732196649,
    "sire_median_price_36m": 1003.195643911759,
    "sire_sold_count_12m": 713.5749798913797,
    "sire_total_offered_12m": 620.5574511885643,
    "sire_clearance_rate_12m": 789.5161524911722,
    "sire_median_price_12m": 2455.48555697004,
    "sire_momentum": 849.5620544950167,
    "dam_progeny_sold_count": 243.79545617103577,
    "dam_progeny_total_offered_count": 307.511292686065,
    "dam_progeny_median_price": 1235.6372339526813,
    "vendor_sold_count_36m": 1049.1125107705593,
    "vendor_total_offered_36m": 963.3323737780253,
    "vendor_clearance_rate_36m": 1168.498998761177,
    "vendor_median_price_36m": 1410.7657791177433,
    "log_session_median_price": 398.46553060412407,
    "log_sire_median_price_36m": 374.50325101614,
    "log_sire_median_price_12m": 586.2590184311072,
    "log_dam_progeny_median_price": 260.8145935833454,
    "log_vendor_median_price_36m": 277.7149720688661,
    "sex_encoded": 373.9993510345618,
    "vendor_volume_bucket_encoded": 25.820924152930576,
    "sale_company_encoded": 90.29903776446979,
    "sire_sample_flag_36m": 4.646730025609334,
    "dam_first_foal_flag": 0.0,
    "vendor_first_seen_flag": 2.7850640217463174
  }
}