{
  "q25": {
    "session_median_price": 1263.0498456954956,
    "sire_sold_count_36m": 614.4543159306049,
    "sire_total_offered_36m": 637.9882934987545,
    "sire_clearance_rate_36m": 717.2339152097702,
    "sire_median_price_36m": 797.5982336103916,
    "sire_sold_count_12m": 501.03641015291214,
    "sire_total_offered_12m": 563.2345757782459,
    "sire_clearance_rate_12m": 691.6473909318447,
    "sire_median_price_12m": 2533.8904252648354,
    "sire_momentum": 602.7413194179535,
    "dam_progeny_sold_count": 90.77143919467926,
    "dam_progeny_total_offered_count": 96.05673795938492,
    "dam_progeny_median_price": 644.6285743713379,
    "vendor_sold_count_36m": 623.3363059461117,
    "vendor_total_offered_36m": 574.7125320136547,
    "vendor_clearance_rate_36m": 652.0702730119228,
    "vendor_median_price_36m": 811.4480929672718,
    "log_session_median_price": 279.3389901518822,
    "log_sire_median_price_36m": 279.47261878848076,
    "log_sire_median_price_12m": 593.3188665509224,
    "log_dam_progeny_median_price": 157.63449788093567,
    "log_vendor_median_price_36m": 177.2815763950348,
    "sex_encoded": 399.2316364943981,
    "vendor_volume_bucket_encoded": 26.7790470123291,
    "sale_company_encoded": 346.48697620630264,
    "sire_sample_flag_36m": 3.7953009605407715,
    "dam_first_foal_flag": 0.0,
    "vendor_first_seen_flag": 0.0
  },
  "q50": {
    "session_median_price": 2610.5528656840324,
    "sire_sold_count_36m": 1451.2016237974167,
    "sire_total_offered_36m": 1224.0187601149082,
    "sire_clearance_rate_36m": 1500.436305373907,
    "sire_median_price_36m": 1476.2582774162292,
    "sire_sold_count_12m": 1036.4360638856888,
    "sire_total_offered_12m": 1106.0679329633713,
    "sire_clearance_rate_12m": 1527.132010102272,
    "sire_median_price_12m": 3830.1538483202457,
    "sire_momentum": 1376.7015751600266,
    "dam_progeny_sold_count": 230.8834598660469,
    "dam_progeny_total_offered_count": 286.41041213274,
    "dam_progeny_median_price": 1507.2569068074226,
    "vendor_sold_count_36m": 1415.3613193929195,
    "vendor_total_offered_36m": 1174.8961634039879,
    "vendor_clearance_rate_36m": 1529.211280822754,
    "vendor_median_price_36m": 1971.2645630836487,
    "log_session_median_price": 609.2537034749985,
    "log_sire_median_price_36m": 517.4299334585667,
    "log_sire_median_price_12m": 891.1733038425446,
    "log_dam_progeny_median_price": 268.6223822236061,
    "log_vendor_median_price_36m": 368.5795496404171,
    "sex_encoded": 626.9101560115814,
    "vendor_volume_bucket_encoded": 53.70787900686264,
    "sale_company_encoded": 646.9805121421814,
    "sire_sample_flag_36m": 8.650339841842651,
    "dam_first_foal_flag": 0.0,
    "vendor_first_seen_flag": 0.0
  },
  "q75": {
    "session_median_price": 2900.5270220935345,
    "sire_sold_count_36m": 778.2699606120586,
    "sire_total_offered_36m": 810.7467613220215,
    "sire_clearance_rate_36m": 1036.717618405819,
    "sire_median_price_36m": 1058.4849228560925,
    "sire_sold_count_12m": 717.7157084643841,
    "sire_total_offered_12m": 820.8983259499073,
    "sire_clearance_rate_12m": 1065.2745179533958,
    "sire_median_price_12m": 2885.6653864979744,
    "sire_momentum": 1009.0386632084846,
    "dam_progeny_sold_count": 201.74051854014397,
    "dam_progeny_total_offered_count": 206.8525049686432,
    "dam_progeny_median_price": 1083.5015819072723,
    "vendor_sold_count_36m": 878.3386751115322,
    "vendor_total_offered_36m": 693.652585119009,
    "vendor_clearance_rate_36m": 997.1704429984093,
    "vendor_median_price_36m": 1304.8497662246227,
    "log_session_median_price": 756.7344012856483,
    "log_sire_median_price_36m": 338.4518716931343,
    "log_sire_median_price_12m": 597.9524991214275,
    "log_dam_progeny_median_price": 222.99490547180176,
    "log_vendor_median_price_36m": 242.56803339719772,
    "sex_encoded": 405.9196289777756,
    "vendor_volume_bucket_encoded": 29.815725833177567,
    "sale_company_encoded": 772.0104105472565,
    "sire_sample_flag_36m": 4.7746599316596985,
    "dam_first_foal_flag": 0.0,
    "vendor_first_seen_flag": 0.0
  },
  "average": {
    "session_median_price": 2258.0432444910207,
    "sire_sold_count_36m": 947.97530011336,
    "sire_total_offered_36m": 890.9179383118948,
    "sire_clearance_rate_36m": 1084.795946329832,
    "sire_median_price_36m": 1110.7804779609044,
    "sire_sold_count_12m": 751.7293941676617,
    "sire_total_offered_12m": 830.0669448971748,
    "sire_clearance_rate_12m": 1094.6846396625042,
    "sire_median_price_12m": 3083.2365533610187,
    "sire_momentum": 996.1605192621549,
    "dam_progeny_sold_count": 174.46513920029005,
    "dam_progeny_total_offered_count": 196.43988502025604,
    "dam_progeny_median_price": 1078.462354362011,
    "vendor_sold_count_36m": 972.3454334835211,
    "vendor_total_offered_36m": 814.4204268455505,
    "vendor_clearance_rate_36m": 1059.483998944362,
    "vendor_median_price_36m": 1362.5208074251811,
    "log_session_median_price": 548.442364970843,
    "log_sire_median_price_36m": 378.45147464672726,
    "log_sire_median_price_12m": 694.1482231716315,
    "log_dam_progeny_median_price": 216.4172618587812,
    "log_vendor_median_price_36m": 262.8097198108832,
    "sex_encoded": 477.3538071612517,
    "vendor_volume_bucket_encoded": 36.767550617456436,
    "sale_company_encoded": 588.4926329652468,
    "sire_sample_flag_36m": 5.740100244681041,
    "dam_first_foal_flag": 0.0,
    "vendor_first_seen_flag": 0.0
  }
}