{
  "q25": {
    "session_median_price": 197.81035035848618,
    "sire_sold_count_36m": 159.6993159353733,
    "sire_total_offered_36m": 151.39338392019272,
    "sire_clearance_rate_36m": 206.7512086033821,
    "sire_median_price_36m": 449.31104239821434,
    "sire_sold_count_12m": 151.67075830698013,
    "sire_total_offered_12m": 141.6763230264187,
    "sire_clearance_rate_12m": 120.79170140624046,
    "sire_median_price_12m": 269.6579672396183,
    "sire_momentum": 214.4237254858017,
    "dam_progeny_sold_count": 31.256909728050232,
    "dam_progeny_total_offered_count": 51.475847482681274,
    "dam_progeny_median_price": 225.22518283128738,
    "vendor_sold_count_36m": 326.4616941213608,
    "vendor_total_offered_36m": 195.37523612380028,
    "vendor_clearance_rate_36m": 186.8774700164795,
    "vendor_median_price_36m": 285.6762808561325,
    "log_session_median_price": 24.385427981615067,
    "log_sire_median_price_36m": 83.14917480945587,
    "log_sire_median_price_12m": 49.0005709528923,
    "log_dam_progeny_median_price": 29.66862004995346,
    "log_vendor_median_price_36m": 65.312843978405,
    "sex_encoded": 118.54099416732788,
    "vendor_volume_bucket_encoded": 16.88873118162155,
    "sale_company_encoded": 0.0,
    "sire_sample_flag_36m": 0.9341830015182495,
    "dam_first_foal_flag": 0.0,
    "vendor_first_seen_flag": 0.0
  },
  "q50": {
    "session_median_price": 365.11555176973343,
    "sire_sold_count_36m": 291.1881862282753,
    "sire_total_offered_36m": 244.95478850603104,
    "sire_clearance_rate_36m": 281.8887405991554,
    "sire_median_price_36m": 805.7700284123421,
    "sire_sold_count_12m": 183.90450936555862,
    "sire_total_offered_12m": 168.35697457194328,
    "sire_clearance_rate_12m": 218.76527333259583,
    "sire_median_price_12m": 406.95774921774864,
    "sire_momentum": 304.6402670741081,
    "dam_progeny_sold_count": 47.33907836675644,
    "dam_progeny_total_offered_count": 61.136601984500885,
    "dam_progeny_median_price": 413.2284924387932,
    "vendor_sold_count_36m": 386.55794033408165,
    "vendor_total_offered_36m": 309.42565923929214,
    "vendor_clearance_rate_36m": 301.5025001168251,
    "vendor_median_price_36m": 397.858560025692,
    "log_session_median_price": 51.395957708358765,
    "log_sire_median_price_36m": 121.47230917215347,
    "log_sire_median_price_12m": 65.64786094427109,
    "log_dam_progeny_median_price": 81.11938336491585,
    "log_vendor_median_price_36m": 60.89937222003937,
    "sex_encoded": 158.37384116649628,
    "vendor_volume_bucket_encoded": 22.896622836589813,
    "sale_company_encoded": 0.0,
    "sire_sample_flag_36m": 1.9314500093460083,
    "dam_first_foal_flag": 0.0,
    "vendor_first_seen_flag": 0.0
  },
  "q75": {
    "session_median_price": 314.71343180537224,
    "sire_sold_count_36m": 286.2945464551449,
    "sire_total_offered_36m": 166.9655503332615,
    "sire_clearance_rate_36m": 233.4722000360489,
    "sire_median_price_36m": 646.816813826561,
    "sire_sold_count_12m": 150.72981098294258,
    "sire_total_offered_12m": 129.46930113434792,
    "sire_clearance_rate_12m": 160.3986696600914,
    "sire_median_price_12m": 314.36595422029495,
    "sire_momentum": 212.92179688811302,
    "dam_progeny_sold_count": 38.6552911400795,
    "dam_progeny_total_offered_count": 50.80532604455948,
    "dam_progeny_median_price": 263.8275037109852,
    "vendor_sold_count_36m": 325.83763495087624,
    "vendor_total_offered_36m": 196.9323826134205,
    "vendor_clearance_rate_36m": 281.16838496923447,
    "vendor_median_price_36m": 314.57651349902153,
    "log_session_median_price": 43.3660894036293,
    "log_sire_median_price_36m": 114.30701285600662,
    "log_sire_median_price_12m": 62.50713801383972,
    "log_dam_progeny_median_price": 75.58337265253067,
    "log_vendor_median_price_36m": 50.47810888290405,
    "sex_encoded": 166.18604362010956,
    "vendor_volume_bucket_encoded": 5.318275958299637,
    "sale_company_encoded": 0.0,
    "sire_sample_flag_36m": 1.4157500267028809,
    "dam_first_foal_flag": 0.0,
    "vendor_first_seen_flag": 0.0
  },
  "average": {
    "session_median_price": 292.5464446445306,
    "sire_sold_count_36m": 245.72734953959784,
    "sire_total_offered_36m": 187.77124091982841,
    "sire_clearance_rate_36m": 240.70404974619547,
    "sire_median_price_36m": 633.9659615457058,
    "sire_sold_count_12m": 162.10169288516045,
    "sire_total_offered_12m": 146.50086624423662,
    "sire_clearance_rate_12m": 166.65188146630922,
    "sire_median_price_12m": 330.3272235592206,
    "sire_momentum": 243.99526314934096,
    "dam_progeny_sold_count": 39.08375974496206,
    "dam_progeny_total_offered_count": 54.472591837247215,
    "dam_progeny_median_price": 300.7603929936886,
    "vendor_sold_count_36m": 346.2857564687729,
    "vendor_total_offered_36m": 233.91109265883765,
    "vendor_clearance_rate_36m": 256.516118367513,
    "vendor_median_price_36m": 332.70378479361534,
    "log_session_median_price": 39.71582503120104,
    "log_sire_median_price_36m": 106.309498945872,
    "log_sire_median_price_12m": 59.05185663700104,
    "log_dam_progeny_median_price": 62.12379202246666,
    "log_vendor_median_price_36m": 58.89677502711614,
    "sex_encoded": 147.70029298464456,
    "vendor_volume_bucket_encoded": 15.034543325503668,
    "sale_company_encoded": 0.0,
    "sire_sample_flag_36m": 1.4271276791890461,
    "dam_first_foal_flag": 0.0,
    "vendor_first_seen_flag": 0.0
  }
}